{
  "accuracy": 0.963699996471405,
  "loss": 0.09624376893043518,
  "val_accuracy": 0.977400004863739,
  "val_loss": 0.06192507967352867,
  "epoch": 0,
  "global_step": 625
}